{"vector":[{"x":-373.77392578125,"y":0.10705089569091797,"z":-4.905339241027832},{"x":-202.0,"y":-128.5,"z":35.0},{"x":-1.5199999809265137,"y":-45.189998626708987,"z":-122.83000183105469}],"name":[0,1,2]}